{"accuracy": [0.3566666543483734, 0.6066666841506958, 0.7128571271896362, 0.7023809552192688, 0.8019047379493713, 0.7780952453613281, 0.8519047498703003, 0.8600000143051147, 0.8809523582458496, 0.8857142925262451], "loss": [1.905750036239624, 1.0220845937728882, 0.7736561894416809, 0.802476704120636, 0.5322932600975037, 0.6003007888793945, 0.40214040875434875, 0.38194289803504944, 0.3348853886127472, 0.29776081442832947], "val_accuracy": [0.5359848737716675, 0.7121211886405945, 0.7405303120613098, 0.7803030014038086, 0.7594696879386902, 0.7973484992980957, 0.8333333134651184, 0.8238636255264282, 0.8011363744735718, 0.8693181872367859], "val_loss": [1.2212977409362793, 0.8115777373313904, 0.7311875224113464, 0.6009555459022522, 0.6762615442276001, 0.5726546049118042, 0.4776403307914734, 0.4960910379886627, 0.5255850553512573, 0.38777124881744385]}